epoch,pr0,rc0,pr1,rc1,f1,pr0_graph,rc0_graph,pr1_graph,rc1_graph,f1_graph,success_rate,total_loss,loss_n,reg_loss
0,0.86884,0.38875,0.06429,0.41767,0.11155,0.06977,0.05660,0.86301,0.88732,0.87500,0.32680,0.06700,0.03603,0.03097
1,0.87779,0.41936,0.06794,0.42055,0.11705,0.06829,0.06604,0.86125,0.86549,0.86336,3.26797,0.06620,0.03561,0.03059
2,0.88658,0.45068,0.07270,0.42778,0.12433,0.07429,0.08176,0.86082,0.84789,0.85430,7.18954,0.06534,0.03514,0.03020
